processing,buffer_read
17040355,351919858
3908,4156
4340,433
2103,233
1803,197
1877,200
1809,201
1786,198
1709,196
2076,190
1697,190
1718,183
1971,1125
1773,241
1629,191
1685,187
1664,189
1691,192
1721,175
1627,189
1651,191
4927,32982
3277,560
3180,365
4212,341
3175,356
3391,399
1992,321
1767,223
1725,190
1801,179
1721,176
1718,173
2103,1289
1727,224
1681,196
1711,199
1700,194
1682,195
1752,195
1708,185
1669,177
1672,176
1669,168
1708,170
1695,173
1800,676
1706,202
1674,200
1661,182
1713,173
1673,178
1644,175
1715,173
1688,184
1702,172
1721,175
1678,175
34693,685
2202,347
1837,240
1752,198
1697,178
1708,179
1728,179
1720,196
1699,195
1697,196
1640,175
1641,180
1877,830
1702,225
1739,201
1658,185
1666,186
1660,201
1703,180
1731,184
1750,175
1678,186
1728,197
1701,181
1724,191
1803,685
1682,214
1676,175
1652,179
1642,179
1647,173
1659,175
1639,172
1691,172
1642,171
1689,178
1648,181
1827,668
1722,198
1717,195
1657,179
1736,174
1745,191
1696,189
1692,188
1686,178
1655,173
1667,186
1681,175
1812,657
1680,205
1721,185
1715,183
1690,181
1703,181
1749,178
1708,186
1710,178
1685,184
1679,181
1666,181
1669,173
1845,732
1783,219
1682,196
1672,198
1683,199
1641,192
1771,188
1707,227
2082,3844
1791,227
1760,224
1732,191
1776,176
1719,173
1754,176
1662,183
1764,176
1654,175
1657,191
6197,1621065
21862,11996777
9420,1278178
9330,8057195
3029,583
2830,355
17000,8628217
7683,1455
15028,11330986
15177,3138161
15409,2579678
15064,7604753
15242,4185053
15184,5540612
15702,4440034
15127,4689560
14994,4275057
5322,973
4598,607
15063,5730282
15046,1058429
15367,8553567
15144,8358075
5565,942
4628,584
15522,20805510
15378,2981759
15190,1988779
15064,2363714
15192,2126407
19025,1096447
8288,1712
15394,3117197
15254,3156842
15094,1081207
15064,4202572
15124,9806369
5615,962
4475,660
15453,3368576
5275,1137
15171,1063654
15197,4223196
14971,1075433
14976,2411406
15343,2078096
6061,6217
15059,3397708
5214,1143
15339,4381266
5761,5219
15494,929099
6006,5217
15137,1015966
12153,3198317
5136,950
4438,546
4357,444
4392,567
10115,4359442
10349,2122573
10874,3144892
10950,2123184
10180,3170663
15097,3203135
10992,1043355
12418,5241599
15114,10450343
15375,5234306
15182,4437448
15166,17044383
15147,2367054
15257,20230228
15179,8556601
6129,5172
15327,4019394
15166,4403158
8667,1493
15363,3209356
15175,2655868
19083,1086750
15111,10672571
15284,12478865
15101,2129680
5314,1153
15432,26867329
4991,949
4530,656
15093,10887642
15018,2116676
5348,1065
15232,1079604
5299,1103
15658,18109337
15242,11727616
15320,1225620
15432,4048878
15303,2112954
15289,5245631
5302,1123
15167,3153461
15270,1067667
15241,5415666
5260,1125
15257,3639617
15402,12655606
15280,8469054
15222,3260521
15345,4283861
15338,1098106
6119,5229
15244,10698286
15156,17322404
16104,3395725
15437,2721191
15181,5738300
15197,5236413
19637,15014896
15260,3383641
15414,3160622
15324,4264757
5743,1059
4407,654
5111,5079
15237,2064463
5670,5287
15332,1034089
14956,10182753
4879,1115
5519,4934
5039,3663
5272,3525
15332,5122180
15230,8552993
15099,3224022
4841,1140
18755,7485451
15264,10706344
15227,5391743
5105,1089
19161,10692243
15218,7451334
15286,2385576
15298,1142099
15036,20293522
15285,9648092
5365,1128
15129,2165127
5197,1115
20845,13088311
11441,10458
11331,7955
15367,4039711
15094,3289702
5455,1110
15041,6382796
14996,12866748
4944,1010
4320,491
4582,557
15224,13454526
5279,1098
15154,4501968
18259,2894974
15195,10490870
15270,5345761
15234,3155032
15024,6710765
19013,29694353
14966,6416987
5620,1125
20507,4295070
15094,18289519
15234,11068672
15249,3346808
15021,4182842
15209,2103336
15545,3416568
30566,1769
18838,1038068
12341,2335
15342,2191043
9168,1513
15078,1332352
5432,1037
4435,481
4325,606
15220,7526915
5516,962
4605,644
56046,4572437
5828,1178
4730,724
5117,5722
4929,3695
4831,3522
18677,1940571
8963,1610
15217,1028273
15047,5474601
15237,4170118
15220,1028213
15068,3653509
15305,1144571
5448,1097
5204,5044
5071,3794
15237,4163293
6084,5244
4979,3895
14894,1004581
15216,1061211
15209,1060620
15059,8589082
20080,3235568
11669,2014
10048,1238
15141,4300793
5870,5157
15142,4252344
5828,5354
15121,1025681
15061,3257022
4913,1100
15215,4293258
17837,6428198
8993,1506
7655,1177
15239,1069121
5978,5299
15202,14175018
5554,1006
4918,551
4257,471
4237,463
4082,439
4081,622
15231,898926
4921,982
4716,549
15367,6442537
5568,1069
4510,669
46441,5032
15225,977957
5432,1032
4733,644
15061,4250557
15259,3278806
15049,8598899
5309,995
4548,489
4585,601
15158,3174762
15320,3249293
15162,2262533
5699,1010
4728,692
46550,5016
16074,38794941
5477,1027
4643,579
4152,456
4212,469
4269,429
4385,451
4277,438
4440,431
4153,431
4099,424
4125,405
4745,2636
4340,547
4115,456
39685,566
5127,5787
15297,566773
5242,1027
5006,707
5036,5122
15054,4722767
5846,5259
15530,2096856
14931,2271108
6320,5202
15069,1043438
15077,5400244
15142,1069990
19099,2383002
15119,2202799
5161,1040
15378,1023976
15327,3178052
15407,2689094
6091,5267
14984,509720
15315,4303626
6104,6430
4838,709
15335,6335576
15264,3173857
15301,12885563
5076,954
4781,493
4611,466
4209,572
15179,3168479
15330,9566964
5194,1080
15332,4306871
5044,1133
15274,3638720
17197,1116349
9401,8652
14981,9729458
5493,1059
19197,2108316
8932,1534
15337,6333196
5833,5270
15408,6703356
5021,1163
15081,2601739
15384,1152398
5418,1167
9031,7294
15805,3636204
15184,3295017
5355,1090
15299,4125880
15315,1170784
6074,5249
5460,3756
14986,4161467
15397,2525687
15319,1138758
5116,1055
15239,4289034
5389,1068
5335,5102
15397,348224
5502,1113
15275,4231939
5974,5129
15305,5204197
15104,2126435
15384,2112509
5392,1097
14981,9653320
5725,953
4865,539
4310,466
4290,576
15279,2081311
5494,945
4412,431
4377,589
15281,4153582
15239,5186182
16403,3443691
15260,1080040
15301,2083534
15355,2370461
15287,5229174
15067,1042709
5154,1100
15272,4280565
5686,5234
5217,3999
14996,6426599
15232,3166630
15279,1062318
14994,1093666
15162,1068815
15753,6546198
5578,1195
15535,3610510
5370,1113
15373,2124866
4967,1094
15537,5202978
15578,16726721
15465,453761
5317,955
4884,626
15688,3155407
15545,2603464
15457,5233690
15464,5217633
15580,3150332
15575,2119958
15513,3413857
5631,1057
15528,5169995
5275,1157
15369,5707819
4941,1092
15579,6250648
15447,4168520
15533,2148514
19133,4227120
15590,5176190
15462,2615355
15591,4275353
15398,3143172
15745,3654167
15610,6113570
15417,3059572
5091,1012
5101,619
15573,3347287
15685,3174550
15626,2142644
5458,1107
15631,12267038
5382,1012
4400,646
15469,3700673
5592,970
4264,504
4115,431
4155,388
4199,398
4640,539
15851,5335416
5414,1137
15610,5193752
15645,7548368
15627,32957165
15841,4706169
15460,27436448
5099,1119
5197,5260
15578,975708
15625,2398483
15570,1099096
15680,1057668
16584,2136593
15783,2132351
21230,10773477
10148,11017
6467,3846
15498,6412161
15422,9389736
20679,13069311
8722,1593
11626,9815
15450,6164699
15545,1357397
6502,5550
15608,5615440
15803,5198325
15563,1057176
16522,4177310
5931,5563
15350,2934819
15818,1068141
5019,1135
15688,1110258
15424,4188941
15284,6310019
4963,990
4784,485
4357,431
4147,521
15676,4123671
15408,1082355
15483,6522013
15314,1075714
15417,4190023
15711,6256042
15410,5259006
15620,6450089
15432,2190098
15480,1127126
15703,1032689
15432,6298847
6146,5553
15355,7245908
15458,6523421
19234,11117588
15357,5079229
5357,1092
15334,9709724
15650,4341973
15430,1094004
15497,1078449
15459,1072213
15729,17130002
15477,4288205
15570,3211832
15455,8799381
15505,2146603
15399,16069777
5358,994
4653,556
4362,601
15583,3063779
15846,9735945
5587,1148
15470,7477733
15445,5652376
4914,1125
15615,12770401
24452,18788402
9519,2120
8602,1761
8278,1063
8262,731
4302,660
4142,443
4193,583
16485,30777824
8682,1606
6780,1271
15563,23216672
15590,1073047
15645,1084984
15470,5684028
15515,4681056
15505,9805900
15563,3663751
15542,5218538
5299,1107
15722,8524670
15392,7494366
15575,31720264
15475,1877196
15607,5495258
6189,5731
15369,15972619
5127,1007
4378,468
4846,443
4330,659
15646,2357672
5257,1017
4999,681
6064,45825
5124,4586
16294,7131382
5432,1072
15533,6470830
15520,910884
15790,5336240
15583,2134733
5437,1003
4528,606
15666,29289175
5420,1157
5590,5182
15490,19120422
15581,33073086
15853,1067775
15685,2105618
15603,1498201
15906,3838775
6076,5698
15575,1029283
10511,1679
15467,8501917
9499,1598
15429,1065802
8338,1501
16705,1017610
15505,1043295
15262,2136630
15407,10955810
15710,983200
15525,5678868
5259,1225
15533,1104235
15391,4204915
15484,6241582
15595,1083866
15645,14949196
15455,17040958
15776,25723958
15481,4691902
5347,1102
15495,9613206
5269,1123
16245,7324662
15682,4245308
15700,13041123
15537,27022109
15671,9371634
4951,1117
15587,4217869
5623,1100
15537,4637245
15630,2107623
15893,5501136
5560,1038
4631,651
15377,4430640
15582,28434904
20563,10691852
15502,5337821
15670,2155512
15488,9620950
15334,7545001
5342,1152
15472,12809228
15443,40587905
15512,3214215
15347,28761048
15535,34045376
15550,10581626
15302,9387807
15806,1345410
15582,7422981
6181,5557
15239,7349337
23408,6595902
10313,2010
20323,4207468
18252,11102226
21504,4620234
13791,3583030
18940,60436752
15670,9034237
21203,27897384
5094,1291
17650,7633336
18311,18033398
15468,1075154
15601,51222088
19735,56395656
3895,1111
11339,3698479
4135,836
11384,6756663
11402,21183793
11279,7456816
14352,7472367
11395,17185939
13842,17012146
15715,8574988
15482,5256554
5587,1070
22914,11699646
10762,1947
7936,1072
15637,10296422
5557,993
4365,631
16998,17679124
5527,1163
18391,68230872
6691,1401
4588,671
4550,436
4142,478
4177,446
4210,421
4217,429
4089,428
4428,556
15441,9260134
3900,917
3668,528
11697,8881717
2130,729
1813,216
2037,251
6808,2673513
2081,469
8522,4689676
2184,523
6833,2645671
2534,2416
12645,11812920
3478,3809
13332,26389936
3898,774
3511,352
3155,332
3023,391
11186,990311
11310,2354610
11385,2130097
11361,1257190
13797,8611066
13813,2111104
19272,2153419
9209,1521
18607,8671396
20634,17076336
5645,1497
18593,5191938
15148,30889369
10699,3122993
15403,8531423
10424,4143027
14777,22774225
7551,1320507
3741,3262
10501,10662997
16021,18509333
7373,1420
12468,1101133
6807,1153
4584,538
3431,434
13701,6323634
13891,5432360
5541,4808
13917,1093635
5587,4865
15090,12430171
14433,2121430
15602,3157664
5385,1117
15603,3106763
16859,8654135
17537,1224
4933,975
15557,1019733
14631,2846047
5101,1094
15469,12002828
15887,1136846
15856,979749
15581,4252316
5818,1012
4498,623
15762,1061604
15830,3159551
15615,14841522
5279,945
4298,631
15765,9594743
5720,5490
15475,6496727
5400,1073
15445,11851835
5224,1083
15510,963783
15505,1051083
15470,3172927
19524,5719363
15706,3248101
19068,2680895
7216,10444
5543,4297
15402,4102464
5272,1097
15690,1074927
5204,1165
19289,1050355
15661,1068779
15582,3137029
19615,4446707
15473,1067366
5417,1087
15483,8341829
19010,5497237
10038,9804
19467,4407622
15510,4164320
5818,5613
15673,4633754
15535,2131226
5497,1125
15846,2094553
15746,4211745
15645,4257853
5521,1139
5608,5267
4846,3781
15603,8109969
15515,11012998
15461,10964022
5008,1048
4285,473
4801,441
4307,584
15615,3260868
19742,2232654
19208,1061514
15761,1118269
5144,1177
5199,5295
15868,3163757
15656,1067076
15828,3156721
15658,3158263
15638,5459449
5735,990
4420,648
15713,2189419
15668,4227691
15767,3091495
15848,2623536
24771,13436289
5016,1238
4643,516
4275,441
4079,429
4383,634
15517,6592073
15540,6259897
14704,9029671
14452,8853129
5358,1014
19426,8400522
14541,18260942
15998,31636932
4996,1150
15567,3226521
5467,1013
4816,664
15460,15963260
61318,12881085
15851,4158380
15503,1317765
17349,4416208
15630,6770003
15795,9424016
5229,1025
4286,444
4410,641
57091,5322
15599,1968623
15575,5239806
15638,2289682
15387,5065130
15577,3646970
19824,3191835
11448,1676
15615,6469284
15430,5239415
15555,5231838
15793,7526198
15863,4159101
15252,3389203
15640,5107052
16326,6685592
5442,1151
4899,669
23369,8386649
11173,2373
7957,2296
16330,39690600
5543,1047
4753,717
15788,2530251
19226,1337281
16637,19557396
9454,1784
15555,20476671
5362,1100
15585,2668230
15853,3036224
16820,4421202
15645,4197641
15485,2118771
15744,2117246
15363,2135567
5395,1088
15715,42504592
15530,3755838
5059,954
4365,506
4194,418
4553,421
4127,441
4420,451
4691,473
8550,1095
15673,3004483
15573,8577962
15601,12015287
16923,37321361
5488,1153
4873,616
5076,6600
15595,3080589
15747,10736577
15583,4566069
15758,11780611
15482,58484576
15628,8658924
15596,6758901
5004,1124
16062,5448623
15716,16418517
15776,17252878
15653,9232367
15708,10720328
15924,6399783
15976,4296415
15909,3221401
16264,2162663
15810,2171925
6171,5170
15633,15996996
15899,5358841
15665,10686874
5337,1120
15733,2173230
15871,1083892
15747,3224674
19442,3485775
16119,1127617
15738,7473517
15723,1048764
15717,3213066
5545,1082
15708,9065359
5482,1240
16465,5697071
8880,1543
15721,23607952
5542,998
4523,531
4122,617
15876,8738348
19983,14740559
15667,8561625
19196,18156040
15713,56396092
16557,79343053
5813,983
4345,594
4202,514
4245,651
15613,10767767
19439,6245737
15836,14408309
15813,6394395
15713,3132015
16069,6382028
16083,3011647
15677,7285028
5628,1077
15993,53527260
15936,1294661
15976,2046843
15655,10708411
15810,1044149
15675,10695868
5140,1140
15971,3100885
15878,6545651
5244,1067
15988,7454389
19710,15555676
15786,1061654
16930,2390535
16748,4372158
5214,1168
15878,1980437
5414,1116
15873,1058908
16084,4203604
15923,1070477
6950,4117338
2377,483
8894,4230946
11344,5346717
19084,6495809
4199,962
3399,386
3247,340
3217,354
3575,470
8902,7268050
11364,12752093
15707,12793747
15901,6411728
15856,8533713
29489,4353266
15880,7358358
4961,1095
20684,10636850
19727,12790285
15680,3176016
15859,4232333
15978,8504159
15871,5304218
15891,15732551
15896,1340381
15971,4361620
15740,5853850
15776,1043696
18419,10606303
12446,4268585
20601,16422352
3210,1200
16391,23354695
13421,8530290
4279,932
14800,23615475
21152,12812851
8925,9518018
20508,67313475
11367,2046265
18501,16178709
15014,10501594
5735,1240
18323,10904097
17319,4172411
13016,10582947
2609,832
19940,14304503
13955,5194813
13642,9773936
17131,24781060
24668,35784692
19119,9864216
25261,30917724
5202,1406
4739,619
17417,4304631
16300,7749207
22088,5800617
28654,16492931
15698,4197636
5788,1120
16871,10638897
19487,19312815
8293,1732
15811,2323034
15653,4616969
19755,19546145
17170,10639693
24459,30188620
11730,4181391
16016,7508294
16282,13279978
5470,1035
4503,556
4126,592
19376,9829997
19453,40568235
6936,6311096
6815,4274627
15764,19157899
14824,13674999
15892,9479184
19281,7419771
15668,17997618
16782,50967223
23220,29658183
24896,69479756
5244,1444
22686,31539742
30586,27592854
17441,48507068
5049,1087
5013,489
4418,611
15973,59856804
19033,2135833
15737,7417234
15873,12834635
15818,9510491
15826,2516986
15993,13831995
15863,2592995
15856,10466754
15773,3386556
15898,35144139
15856,21494926
15760,61130390
15800,512970
17587,6482948
21806,5474689
18840,7386812
22451,9517749
19291,16039782
15723,19397794
19073,74548689
16387,9759697
16028,5700299
16011,13192797
22859,21807714
16041,2179855
23670,53390830
16006,12864628
16019,1101070
18866,20490110
15911,4246220
15591,92372448
14930,14916465
25492,20811340
16304,5682378
18642,28659371
12354,8535326
14166,13118858
12609,50168916
15123,14047808
14549,15846049
4326,966
22456,8334052
18798,10716902
17379,11755989
18974,14987646
23772,38402354
24763,117409159
15830,8968747
16194,3500983
16292,2981491
15828,9626854
5442,1143
68195,85003430
4422,4692
3362,2400
3223,2285
3665,2248
3096,2306
3096,2185
3186,3249
2910,357
3198,2281
3225,2162
3046,2084
3004,2181
10128,1831498
10202,4455246
13411,3202935
13912,8389198
24873,2651013
14720,7445964
20383,20824877
15933,2031722
23599,13749894
22363,6450332
16838,9452735
2615,1013
14460,7838845
2582,766
15127,7516093
2531,719
1811,283
14731,5302134
8199,3190191
2248,432
1874,282
16252,17015592
13785,4638439
13280,7522582
13286,9666216
19190,60134004
4126,1115
15011,14223339
16146,25878909
5294,1143
27144,10654833
15983,3074764
15603,11737554
18303,12374327
16024,44177250
16009,6455569
15903,12022509
22762,35395854
24257,3153875
22397,8539985
6124,1512
13927,22303576
16144,19202835
16064,20249154
15599,10695275
11308,2193794
15637,9630259
26309,75228908
22241,28765173
18392,3202823
16058,16026576
16365,31861639
15342,1058694
15971,1365528
15968,9567011
5512,1110
15876,3327373
15815,3658773
15783,2060310
15992,12702755
15833,6565452
15758,9593843
15861,16124611
5274,1015
4372,691
15856,6202562
15798,3620915
17038,7739678
15806,49521570
15878,15302725
16059,5230627
15921,14878630
24021,72647148
5695,1343
8972,1281
5630,5280
16054,7265030
16046,15124140
15780,9894297
15868,1075300
15804,27284018
15941,16054559
21533,23535445
16194,2157164
16044,7109146
15941,13192679
16142,13120559
15944,6425656
16079,12887980
15828,1027928
15871,3244892
15880,33938446
5244,1110
23014,12991046
19203,6706559
20160,66129657
3884,1075
20291,30867772
5507,1143
15835,46737569
15808,13654658
5775,968
4386,587
4315,631
15796,15763090
24172,132646517
18141,7605787
25801,26696808
16214,8620931
16482,30742649
15910,2147723
15895,4428441
15791,3621484
19624,84099025
15896,13020535
8827,1586
15756,25387224
15823,35775063
15941,7590776
16137,6743774
15733,18113341
15929,17045521
15962,21435568
5889,5026
15751,13955097
15727,9983818
16038,3410384
25229,45069954
5623,1403
4757,659
11765,17127018
4528,852
4714,568
4325,420
4134,436
3927,568
10060,846848
15172,6471079
8522,1671
10458,2203847
5419,4651
5286,3734
9110,1074646
4378,726
4259,589
4945,4250
11200,1004077
11305,4273323
11153,4360825
9408,1104145
4580,847
5472,4475
17131,6411064
5116,1030
19216,3197560
19890,3212822
9281,5408274
8037,2117103
18921,31017001
26162,22502172
15893,10045688
15805,7655848
16054,2378341
5370,1117
16485,61657963
15833,7392500
23091,11730945
16194,7405566
5648,1082
12931,3152316
11273,4258954
11278,2132917
11506,4245074
22155,8599248
11797,7373770
15913,8574226
15641,21376288
5497,1121
17056,19149871
24377,26711091
24235,23488891
16179,14829179
117196,1120
15668,35083460
15746,10681469
16066,6489099
15903,8269827
15818,4441300
15808,5728903
16056,4179535
16908,26058456
33201,20349196
14207,3588638
20514,5842530
20893,41023546
21055,10652200
16269,8522560
19612,1026850
15743,14942869
5041,1121
15835,4253709
15918,4239720
20248,13144272
17417,4892897
15840,2585405
15734,5377160
14741,8187878
13185,12769772
15916,13273958
12944,8672323
12688,6168075
10223,1045131
24816,68101530
18161,23458581
20381,6404556
8386,1877
16141,9556511
24863,29240145
5596,1425
15755,5557615
128705,143085563
16225,2908482
24204,115760936
15893,4348192
17870,11710912
15263,9830715
15951,10725071
15858,5652171
15731,2117910
15938,22417155
15835,6675025
16074,17103456
15655,20478646
15841,1096003
6244,5292
15812,8017189
16042,2524325
16021,10362733
15803,49447780
15661,9845853
25292,8600238
15920,5741966
17099,10280007
39740,5555860
17562,35712696
15710,17017563
15921,11979489
16078,6782046
18163,7759295
22868,72326133
23051,6431181
16066,6384416
16532,16040600
15973,12837673
15901,6422804
15833,1086693
24383,65269782
5672,1416
24040,91370464
14218,5307514
22158,21341615
34841,11744638
10929,13941
17754,23356389
15720,11655935
25609,9016995
18093,17036062
5662,1243
15993,28826897
16006,28829502
16038,17355925
16317,49945034
15899,7907545
5444,1091
15786,8549515
30529,1093288
15941,24603729
5450,1020
4277,549
4129,624
15862,22206151
5362,952
4713,504
4222,464
4302,587
18135,23412345
15806,41483777
5227,1110
16018,36299599
5560,1175
15788,9391413
25616,61439408
15890,54408010
25352,94483057
15982,15855561
6126,5197
35423,4136425
15963,6770836
15720,18512561
16020,26579182
16003,2643398
6271,5194
15788,1043834
15670,28823999
15971,4331557
15876,11768112
5660,1047
16019,5763293
5858,5124
22575,16163404
25180,96957938
17111,10620469
16204,5376999
16141,19104539
24633,80480813
19865,5964303
17108,22246313
23351,36307449
5749,1663
15806,16043470
23656,100715253
13104,8285715
26931,13839940
22375,13669426
15897,24698914
16004,4927675
14385,20866039
24384,30874289
10829,3587357
12210,4780387
12255,6873887
6033,4701
9411,998782
15818,16133097
5615,1153
20985,10448391
14164,16091001
41180,22411010
12123,9807956
17887,21412020
16059,25870279
16074,3672862
22871,5898010
24259,18333263
6777,1586
24759,17731693
9659,12699495
16227,3204104
14234,12734618
4567,1000
10483,12815814
14281,9497725
25653,76604025
18474,9548789
24748,19236572
23237,46772618
15803,1000023
16808,7523224
15885,3144198
15891,9711161
15803,8792984
15786,2370720
15643,11656129
16158,8346903
16096,11692254
15755,13796410
5317,1155
15687,15027421
15753,2101582
15761,2353947
15769,11028129
15808,2769793
15778,7290633
15883,2164994
5379,1008
4550,679
15655,4147345
15716,8463249
5344,1118
17021,11822427
24553,31745188
15641,9357518
15905,4329820
14911,22771382
15979,648030
17469,16031361
23595,18166988
19732,8534593
15982,22735723
20070,11762568
25448,192203274
15853,8096098
21251,38568254
9105,7734953
19448,31981787
4599,1247
15918,9545893
15683,2114057
15635,10430179
22917,21544448
15936,7811851
5524,1015
4716,559
4104,629
21719,10333875
15192,11619276
5225,1227
11718,2127257
15806,5512885
24803,11011595
5913,1388
12000,6328860
12929,17368907
16226,21193107
15074,8016601
5518,1088
15738,19478735
5054,1100
16184,16900306
15776,1060053
15848,5235002
15745,8574003
16274,4180865
15941,9831234
15881,17100938
16437,59110466
15963,8562704
16146,9062368
15963,16991707
9263,1596
16212,46836812
15973,2637626
16543,43453783
16071,4695005
15846,36676000
15913,12909664
15838,9773813
16096,11952303
15903,36917470
15797,6771004
16046,3234005
15976,2024358
15946,4209056
15810,4652823
15730,8564645
15786,2110140
15946,36221921
15766,24722049
15763,7555152
4851,1090
18917,7193455
19910,2123734
34599,11638348
19602,16044685
3804,1074
25378,8293799
22132,50480824
16545,8494096
16595,45010084
19414,4264110
9354,1733
15787,9583997
16051,4226748
15906,11736480
15746,8552588
5535,1092
15770,3155924
15901,6681733
16043,6507529
15928,19017245
9063,1611
16232,4525145
8735,1568
44382,657
6259,940
4987,746
5274,5626
15826,3965040
16004,5286145
6214,5079
15763,1279702
16273,3136827
15740,16103910
15864,2586878
5125,1175
15753,7559593
15796,27578129
15846,12853192
15707,15954138
32778,22758948
11822,2275
11237,5743055
4496,1007
27929,11982646
8500,2362
16193,28332386
19943,31484845
4945,1271
20712,5563402
19649,12500806
44671,17067910
16249,14892757
16171,20595762
5676,1074
15861,2362644
5322,1223
21090,7826283
6060,2055064
6506,1156272
11164,7320363
18386,7726773
14593,7151559
14348,7403871
14014,2115041
16000,8102326
21015,5762407
9378,1643
24145,28309211
14441,1509148
6613,1196
6507,782
6047,893
13448,987247
13577,11733353
11624,4234760
14398,7797032
21854,10889745
15829,18821438
19070,54119729
23348,27596818
23510,22263811
23836,3316467
16600,20167814
9201,1628
18774,28525381
21138,7524120
16104,4286092
19668,3284120
24238,24919659
15402,52162375
24082,66189533
15642,2413
17208,26716535
17429,35827811
20526,9623254
15873,15619544
9356,1466
5480,772
15896,16820004
15720,17010811
15595,10184735
5533,1115
15843,19135857
15756,9856364
15954,6758709
15688,7297165
15690,6259408
15640,7552384
16201,90871570
16084,1046402
16563,8611046
16502,10640058
15881,19192040
16034,14873762
15966,7545514
15800,11778120
16121,3133170
16000,4202236
15578,9813818
5643,1085
15881,5671094
15793,6836023
15860,9429304
5526,1129
15876,21545910
15836,6782472
15823,7571131
15703,10649338
24961,122061040
17211,18276143
20483,21370135
40930,78671477
9005,2333
26278,1298854
15775,16096974
15848,13737698
15771,10346745
16039,342891
15825,6546205
15750,4161367
16259,4279840
15806,3049271
15880,2668112
15680,4738491
16870,4105925
15808,3273871
15991,4019816
15986,67069798
16878,11625670
5597,1138
5382,5728
23816,11751721
5295,1406
24751,71134896
22519,11295862
16938,52308377
19060,28823607
16975,9083530
15814,2653992
16042,7771074
16034,6501840
19705,9500358
15722,9637399
16013,11441235
15850,10797525
22311,60017634
34827,22534055
12824,1895107
12373,7467301
21504,34166123
16177,9462886
18383,29957615
16096,36187770
16187,15381578
15881,6420997
15761,10670185
15831,61062405
17156,20325812
16068,9320556
15805,5470365
16014,15991269
15765,2383291
15730,1029432
15675,11734508
15944,6461524
15846,8133437
15941,4677831
19532,3192117
7477,9752
15846,10606399
15762,9419662
16104,11133118
6077,5898
16081,3703952
15970,3170685
15846,3191993
15771,7463562
17171,2163041
16818,4324463
5943,5600
16043,866490
30366,1048604
10852,8548873
7745,6184044
10603,1306035
10690,6322679
14198,12134221
15743,8176742
15791,45841345
15730,8443776
15658,5219710
15928,3190647
23214,49142005
14725,27335435
15397,56196154
15650,14620850
15718,3857092
15903,7525745
13099,20215784
15743,20540633
6177,5093
15951,12675597
15773,5342795
15750,2501928
15650,8249615
15655,20353378
16106,49937978
15849,19303346
15666,107719700
15025,10650846
14859,6499041
11922,4114100
14713,9542011
21441,9587525
4355,1203
14466,6285924
24906,307700819
15746,7830625
16400,5373569
17986,25683932
9080,1752
5407,749
16034,9742742
16315,5567929
19093,10450160
17893,12994280
16046,7350234
15979,8637067
17129,18236398
16139,9620724
5347,1015
8461,1215
25177,161181046
5457,1451
16104,29565515
19970,5865902
23449,20407381
15928,18884550
16106,12735768
15953,21405395
5543,1087
24791,169387014
15810,10699184
16141,60313095
14163,36261613
15363,20526971
16159,40379963
15886,5356804
15818,11708988
15727,3207931
15928,19171851
15845,158214693
16134,19244560
15446,12941588
14699,23685648
14357,7442881
15172,26701352
22330,88959578
13323,9514504
4748,981
15147,7456792
15720,16855952
19579,1171569
15945,5695950
15656,6390595
5176,1146
4561,660
22149,11796756
25543,8614698
15375,10580706
17025,33962191
15244,16900322
17807,111474139
18044,22452268
12983,5340790
22644,152340719
5419,4999
4562,4925
4334,595
4498,3273
19167,66626201
14765,15974650
6920,5545817
8067,4246834
18960,11824438
16963,18093847
4368,1088
15540,4677295
15647,1340023
21209,100250628
14543,57267558
8459,1035270
20050,59096986
10092,1092204
16029,14317093
17706,14965640
9623,2049741
9378,6717458
16493,7360596
19039,18192941
15230,12937922
19128,4269775
14894,37670038
17922,27873421
23762,68083389
22932,13145185
11056,7193553
9085,1939819
15544,32328383
2899,924
12726,3304680
20817,37566027
4233,1176
14298,4257579
15771,4190494
15454,11432395
14516,6811014
13495,11958500
21936,47450884
7673,1740
20833,23158691
20049,140106910
23755,8664751
15720,34177667
19527,105640582
15781,103220132
15108,18254261
2723,3186
7228,2000221
7559,6525322
10093,4399751
6977,13518492
16437,10752133
9961,6764316
3273,692
18740,13526212
15116,15082317
15690,9540102
17230,20245545
15530,52188095
21990,164896670
14208,612408
15534,76771122
11421,5428804
20875,110925519
4655,1154
13189,10922718
16894,7588287
24382,29606983
5405,1359
14101,3578094
20439,13811415
13067,11036787
15944,23424867
4920,1025
8199,9583676
3797,640
6406,1061227
7656,12774636
3782,749
3508,479
16294,22331318
4384,1344
6965,2221843
8145,7307689
15657,13827633
10982,14230061
18277,23632512
19173,61077822
3915,1045
3742,3743
11203,8801149
9396,3203683
17650,52404732
23500,21743508
5204,1260
4701,659
12355,5978212
19239,25700275
14992,16486558
15247,23316879
18614,28432892
6053,5348
4657,3668
11726,6743568
20810,55632764
19935,7989466
25294,66762904
16856,8893239
18301,31008333
15652,9680728
20265,13883464
17104,6419092
15804,11966888
17024,54032387
19214,109999223
15713,3152193
20341,79895582
19961,73732613
19014,28341393
15595,166913428
2390,829
1932,276
7558,3414798
13264,10614954
2954,786
11130,9611800
3730,12582
8661,2063849
14786,27348773
16413,28318963
12673,6986313
17879,206160098
14553,17743508
20727,144608736
23971,63288669
4950,1344
14916,1038813
15194,2121471
5690,5035
9136,1003553
4325,698
24826,4233642
13866,9624181
4825,978
15307,4352043
17305,9451811
14480,12753293
6289,5291188
17645,19276550
17900,34085103
23340,58392285
23590,14862468
18207,26585461
15657,7468216
15700,1109391
15878,13702348
5517,975
4470,588
4229,596
15590,14743717
5553,1032
4285,503
4493,639
15748,9582017
15687,7439741
5705,1115
24052,91604797
15936,17909367
9188,1696
15611,2045196
15755,3174000
15665,18129245
15658,7475587
15573,12836659
5174,1125
15608,19015885
5765,980
4545,717
19456,17892375
15683,4689771
15555,12247266
16064,94868670
15532,2088495
15667,17353923
15568,15368127
17104,10673622
15578,10569830
5525,1084
15623,2128637
15587,12802631
15858,49417583
5304,1112
15856,10089213
15783,3202634
15833,4274787
15535,2115104
15809,6661923
15675,4208172
5417,1132
15891,5673985
6335,5247
15653,5688067
15763,15842223
15776,4242474
15870,12815133
5224,1058
5240,5054
15738,959223
15539,9606239
15911,14285042
15826,10923554
15831,5442394
15718,13683155
15705,4779791
15588,7171758
15840,18794264
18900,58539056
15733,2614621
15505,14039275
15618,6368247
15845,22877059
6063,5320
16117,30580259
15719,26896515
15901,5434739
15675,8233868
15681,8496539
15649,32996458
5538,1122
15617,4362206
15703,12610862
15555,15765752
15595,38537319
15638,15655493
5816,1087
15636,10221242
15653,12358071
15648,46416832
15663,9056050
15898,6324891
17188,144451777
15635,19159327
14865,59321213
8121,4205054
21767,208263349
15454,14891404
15848,12654175
15675,14948212
5708,1085
15800,3177242
15560,4219432
19270,1058147
15607,3397974
15818,19365241
5697,965
4342,707
15638,29811266
15750,23285021
15740,31838864
15725,55333885
15429,12135466
15725,15693326
19363,2096635
16346,1045777
15743,3192676
16006,18157807
5480,1064
4282,724
15838,5197803
15612,2190762
16321,16041798
19258,129793948
15916,110971795
15808,14001378
19389,15289615
16865,5687556
15552,4222296
19165,6276636
15524,21234185
14763,7607551
14476,2098567
35607,8646798
14277,934824
8062,6765792
9196,6610525
9749,1057194
28401,497896168
64894,2505
15693,14236059
15553,11079974
15754,12765384
15622,7397235
18116,22111388
90526,97071952
16430,7192532
14611,16190520
24987,155780133
5748,1436
15959,41066463
15700,25584653
19153,10440479
15946,31775875
15753,3210521
17900,19137720
16009,45992033
17208,38374456
17654,4298260
15046,10771405
12514,8610862
16040,13479438
13875,5112440
15798,10685107
5833,1213
15148,81724413
16651,14910158
32768,65807180
14866,22400139
17060,83308028
66572,61270230
17346,4756315
11434,1888350
18544,15966176
3984,1069
22198,9905117
22345,124228451
6149,7291
8348,1119
12417,4076828
14357,3240587
14232,982703
14775,9662485
11220,10599413
13257,13878987
15862,9610357
12442,1008250
21160,26789988
16089,987209
15801,10663064
5813,1115
29484,35755881
25217,58431488
16184,3126365
15298,10406192
4448,950
23551,62908102
15138,10560323
5046,1047
20317,28151309
4029,1018
23145,11305120
20848,8486464
16168,7417331
17000,14023675
49396,127419301
14930,33917335
17952,36281349
13436,7442238
14326,21305564
14708,15998856
17285,36242466
25244,22666693
15903,12967359
18892,46040152
18013,6355249
7354,4402030
16200,15969858
8451,1194785
20683,25517429
15275,19407187
17509,4253902
15652,9849724
16958,7546652
24323,88050154
21083,12669508
11789,2027
16620,7474214
16797,9577020
15843,6470086
24725,54490275
15284,52128656
21263,23486043
22847,7402398
19993,20332152
15559,8473586
12567,25903025
21373,5933713
14736,14284070
18203,12737871
22939,72125432
18963,25508575
34462,248736425
22924,46953616
15811,5268204
15625,3204416
15598,4237841
17677,7482773
15650,1000972
15881,2108214
15735,5482407
15770,14851241
19230,10657795
16605,1290097
10713,9547155
13852,9899372
13169,3631840
13207,1085229
14810,10776925
19546,5367711
16167,10935236
15633,9106056
23225,11354074
20734,40354704
11863,3020240
3960,891
9620,7671336
15598,5496452
16101,42556897
18127,20342132
14855,87245407
15177,12783102
27002,37200153
14371,21133522
13638,6367757
14936,104662486
11102,7427501
14358,12613368
14300,30191573
15658,9501529
15626,8016833
2954,2671
14788,16929312
2776,716
1948,253
15059,9590574
17728,10723109
14715,66716376
14661,10559909
15071,51724896
4688,1084
5886,791559
5925,1096812
20597,26626018
4687,1301
18392,22477378
19336,61927115
5182,1270
15656,5328956
5221,1118
15515,7917777
15744,5233636
15814,2309251
19870,35561256
8659,1577
15871,29111344
15873,12615085
15763,4262189
22243,42738270
15041,4637207
14732,2105293
5129,1026
16322,12748492
18632,55661536
45259,22206317
20734,66727079
15623,18584152
16097,1560353
15891,6971237
6291,5134
15575,11702215
16902,33953054
9888,1780
15853,12907674
15986,27257053
8792,1531
17951,6700543
16116,4628781
14059,1333334
5141,982
10813,24587077
14925,30276878
10181,11027807
17558,44489690
3369,970
3109,357
2545,387
10898,5278838
12712,6242366
14147,9833259
15748,20618403
15873,5731640
5525,1020
15660,8192518
15682,25525706
5275,1102
11603,8577046
15940,106275786
8846,4073333
2238,400
2102,256
24974,139638809
14772,7768034
15804,5334733
5452,948
4407,526
4265,619
15693,5369816
5380,1135
15635,2089519
14758,9535781
15553,2697055
6461,6458
4913,709
15558,4667109
15524,1338099
15650,9847529
17279,18925927
5743,1215
4370,714
18248,42888070
5677,1123
16039,2558930
16793,7318814
15623,17119106
15918,9648900
15517,6470533
15586,5692205
15672,30858597
21254,106626169
16818,65968794
3394,1053
22837,81705359
16766,25585644
5350,1173
13467,11908022
12096,8196896
24024,33328676
8179,1601
4828,757
4825,589
4458,618
232786,57519647
16225,23700511
15866,58997783
32477,1031339
15908,9604019
5180,1125
16771,29838503
16071,44692031
16039,9520578
9441,1571
24911,32977950
15645,26617977
22866,112733899
8477,1848
17881,42410801
17038,37651071
28016,7716823
14433,20427730
14647,3345946
17681,14051634
14650,31880781
14668,17881309
16086,99574301
17277,13043418
12448,1497863
14996,45262418
24681,19677905
25394,10422891
3707,1339
11412,37269
22307,34989460
16306,46536034
10126,8581481
14935,33263133
14176,14956319
15093,126378597
14994,9586962
9116,7833634
4348,752
2664,2225
14900,9273492
14905,15079329
10174,10861298
11408,7513902
14890,34254445
9174,7203610
15494,162333778
2589,892
14215,16051410
14067,16267114
20820,185165552
4745,5677
15158,141599667
13732,10664668
9919,8344292
5571,4457326
5203,4444737
6578,1103598
14627,23502377
10094,9845453
14604,20489438
14226,15058097
14466,13367971
10981,6844299
15715,22422826
10786,8427780
14804,10729384
11566,6379945
14289,23607092
14781,23899059
15230,23616514
15385,19899503
11935,7497631
13187,8908764
18494,6459648
12127,4662967
14380,12783145
12217,3113202
23056,18457408
9379,4125630
13957,7551410
13987,14826518
14712,21289217
15371,53412630
14858,11821269
15050,47358026
8281,4140235
14076,9534456
17683,13877683
15353,90079242
12564,9170064
11183,7666068
13700,11494592
8549,4658107
23909,22292896
10496,8413999
2121,593
12244,7808046
8903,2283797
13112,12669915
2605,758
14399,12994316
4411,1147
12913,6286070
9864,6260175
16107,45911701
12723,14952242
14756,27715306
2364,998
11261,1301504
10975,4449030
9471,2148073
12901,11745709
2146,508
17539,20387187
12790,6118792
15394,17148876
12763,7766598
13862,16371070
14938,68879157
12107,6161990
16735,10660214
14114,6307492
12313,5725320
18512,34204745
14644,13843833
12902,3167659
3047,782
8884,1032188
9300,4241626
10974,8787555
14742,23925547
14769,35183551
16407,11592866
15285,27601375
17196,12569215
15320,14535752
2691,673
2710,3088
17403,15690644
14440,16174985
2887,2838
15710,89333730
2608,833
15094,70659394
12540,8040780
13947,20199966
14571,8835870
14802,13800123
12110,6653309
14685,10297556
4388,1067
9795,990046
10211,5856167
10392,7402426
2669,529
13924,9543915
6960,1054027
14708,23775070
19327,37175734
15877,30466653
10957,7533886
13519,10610741
13603,22680616
14131,9635884
14009,18150060
9747,3219336
9749,7493507
12307,15030540
4636,895
2491,305
9452,3166141
11725,8554865
9493,7768310
32080,27880554
13812,16078065
2845,2728
11380,7423955
9944,4281915
10136,7686499
15302,15961556
19293,11133284
18199,25441589
20686,12927333
16765,139220867
18323,3162903
14730,6507882
8091,1036691
141899,9678247
10007,2078323
2172,484
17344,5373491
17598,34145049
4447,994
14554,4166642
16989,11682314
16472,4565430
17114,10703689
15877,18607483
15249,26713337
4035,16378
2339,348
8710,573558
20095,69886977
15180,21564586
16589,23985730
17497,11469019
16232,5604884
15877,7512378
10631,2159725
3024,658
24441,36229280
14563,38388697
8076,3130608
8648,6790371
2139,441
14592,10692143
2625,2688
14606,15874255
9295,2513627
14440,11058610
14725,26661122
15662,39304345
15674,120863907
15709,24933351
14886,29623794
2551,693
1874,240
1774,240
23299,49305250
2704,895
1835,252
15301,68726936
2637,662
1906,229
1705,208
1692,198
1816,249
14857,6626342
15203,137398053
14706,22948531
2719,1061
1859,330
20175,23561412
15013,72147431
2858,952
1969,244
1893,192
1773,209
2055,200
1769,260
18038,56786588
14493,29172065
36119,21554706
10670,1055
15274,16159857
2531,925
1980,264
1848,283
15012,25164161
17851,49073780
16286,12756696
14691,16549681
20756,16510606
17185,16800045
3753,854
3438,360
3223,365
18542,27027874
3989,1061
14235,3013450
13101,1112845
16025,14817839
19105,14211349
3711,1072
21214,18172040
4973,1313
15284,27379902
15449,19059373
19096,72299783
6431,1500
3508,467
3644,351
3923,569
3102,418
2902,373
2957,370
2848,373
3005,449
17576,17503997
4990,1049
19437,6355664
8311,1495
15690,10683980
5184,1122
15685,7533993
15442,7762239
15849,20150919
16940,34107053
15772,4255228
16026,17975341
15670,4260693
15667,8539854
15635,6369972
15487,5321963
15658,7459856
16194,7448471
15515,2126508
15715,16045772
15896,14569778
15628,2283513
15747,7205267
15520,4227200
15565,6225085
15896,33022969
5593,1112
15650,3297355
5470,1064
15926,15305108
5498,989
4364,672
15607,8558531
5335,1065
4683,657
15703,10549890
5630,1120
15695,6536588
15530,12712614
5272,1130
15609,7369094
15959,46990411
15630,9570498
16460,41339759
15540,10658953
5227,1130
15645,12219598
15459,38913820
17262,25159466
15939,20781888
15677,8706720
29181,26106057
14527,17016692
10921,13724210
14621,10196668
15836,107434949
15720,7302592
16773,9784231
15841,3922266
21643,7439536
15620,2085982
15594,12439148
17289,21678432
15548,12515582
19255,57690730
17465,1003294
16239,26089197
16642,13863073
15725,5330542
15788,22178489
15718,14950324
5470,1102
24643,7796121
17687,48415749
5455,1115
15851,53851209
15693,44852006
15853,7270072
15545,8583691
18787,4250072
15492,11388103
17211,15937421
5783,1172
15690,7808443
6056,5926
15720,2042634
16143,42450240
15723,5325807
5638,1131
15573,6558733
15730,6781285
15618,10649441
15666,16049485
15703,46067008
15721,33385298
15545,3665425
15605,2231324
15793,24146686
15698,56141977
5186,1090
15688,1337562
5703,1129
15663,4247164
15635,31781152
15723,18300048
5417,1085
15570,5354872
5543,1130
15735,23459071
5422,1135
15785,5557361
15889,3227630
5342,1157
15632,3157684
15525,5359109
5572,990
4700,630
15903,986134
21376,4346964
11336,9393
15497,3364995
15803,2257269
15969,844926
15432,7839170
5708,1017
10153,1070
4839,609
4367,474
4172,479
4270,489
4191,604
15603,1958304
15580,2105255
19178,8544685
15541,2322781
15702,6180233
5572,1050
15588,9520343
5628,1097
15729,1160032
22873,15628754
10601,553097
16013,20762125
15567,13664302
15766,20135807
15650,10777188
5405,1182
15595,12218144
15567,1048988
15792,4427393
15457,12529550
15610,13772213
15565,7521773
16034,26816042
10183,1686
15883,3247824
15768,3168575
22008,24641355
12521,6227947
14827,13846879
13400,17416585
5637,3308726
4917,786
9957,43530581
9586,2128753
9522,16020628
3209,660
15021,4414260
6470,7279
12170,7291580
12096,3242528
12010,1339368
4602,3986
15495,12114801
12723,8322568
14706,2140179
14864,1295432
12661,4446754
15665,3376518
15482,7283642
22361,5186170
19709,632190
15532,8060178
14032,22399022
13852,3689533
8579,1417
13876,2047094
4564,1018
16107,13687339
15824,1042115
16029,5269718
15803,1299189
17556,8478402
11744,9341
15688,1287148
6114,5152
15670,7483159
5355,1122
15831,5235030
23067,18850037
15821,13134242
15818,5231990
15643,7431121
15961,7628032
15768,23991900
15665,9017935
5317,1125
15580,14235325
15420,5249818
15587,7307661
5166,1093
15883,22547013
15520,4162659
15670,3157302
19627,48908262
15793,5283878
28264,66405157
13237,3016
18328,11443243
15681,5296435
18519,9104959
14754,6965409
2818,2932
21298,18104544
20734,20834098
15825,13978531
15239,42859942
5338,1200
15582,18316294
19993,64481550
18271,12547746
18218,27802942
5485,1127
22511,17070163
15681,1034350
17187,6442311
19406,5389192
15629,31127128
15389,12313658
14836,21749591
15909,18036338
15497,5109520
15896,16907554
14872,3021124
15696,7527250
17309,10816817
15595,2016089
15919,6468465
19424,19120289
26499,3155010
5848,1130
23569,54444739
25451,73009610
5675,1346
4560,697
15555,1861035
20912,9787198
18998,52345672
5520,1120
4450,513
4252,498
4317,449
3999,576
15838,19078060
15753,5461953
15593,4209159
10822,1006372
18970,6342520
15851,11958040
15565,4978167
15457,16607342
15495,1006492
16582,44594319
5978,5152
15895,29155261
15836,5367087
16835,9709331
10767,1772
16720,17776529
15686,2729189
15665,4234005
15718,5351266
6058,5292
15633,11628296
15444,1322667
15921,3492834
15895,6571578
15803,6426985
15808,36303939
15641,12774906
15743,8570751
5723,1093
15817,5607165
16048,6292843
5087,1143
15763,23212616
15587,15115887
15658,9458774
5450,1027
4500,705
19337,5434464
6542,7386
18856,12765450
15746,6002346
15693,4407733
15667,3879422
15760,12073974
5473,1127
15485,10657734
5502,1033
4733,704
15740,18822027
15635,15328220
15813,11831394
15642,13821670
6300,5256
21887,8747924
15720,6096225
15745,22400835
15562,7439325
15555,8523321
15727,3174870
15763,18930518
15655,26080809
10491,1661
15670,2175267
8755,1431
5295,656
5465,784
15889,31124670
6467,5117
16750,8743262
23921,20532448
5705,1418
17828,21508446
15793,6713567
15720,2907991
15720,4194198
15588,3359380
15908,2245528
6176,5334
15738,3379893
15670,1851965
15871,5247232
15778,2127856
15449,1072529
14313,4644916
12588,4740324
6688,12982
11471,5207029
12297,4659299
19604,67469448
5229,1055
4176,492
4147,483
4074,631
15750,924095
9253,1821
5439,772
28872,4640603
16818,6816221
15621,2118171
15608,15997528
15615,21170496
15565,1059569
18863,14510413
5520,5005
29930,6070535
19420,9814933
3637,1341
7838,2027791
8980,7308310
10936,2143525
8211,3209492
22305,36609940
15713,14771448
5395,1074
15985,4819548
15320,3800422
19408,5499738
9219,1706
15671,11662319
5709,1111
15818,1072784
15561,5462421
6090,5077
15621,3135119
15635,6371675
15738,1290251
35620,40455789
15573,11872220
16525,34429181
14159,4137412
15231,10513602
15128,23414017
15431,8701653
18170,35252748
9721,5258468
13321,4299157
22330,5298760
12979,4249025
11522,11571562
14249,15996051
2419,805
16469,36377588
10428,11940487
3480,679
17942,11759623
4195,1191
17349,3747732
5091,1338
4760,5408
3899,517
23559,6874620
5065,1331
14336,4216472
5436,4553
14217,2122546
11716,5273411
14711,6378883
12580,3195098
24356,30945510
18930,39099291
5340,1297
15936,3994566
16040,10146538
19953,12771907
9988,1616
15572,10746089
19506,34043837
23811,11735177
12318,6324863
2306,522
16551,12766437
13287,13683943
14741,5267591
14876,9643122
5221,889
4273,604
15823,4202414
15635,9027569
5159,1097
15883,7555244
15760,4143735
16322,15986618
19145,5330410
21032,40668505
4904,1083
3603,560
19154,10807928
9494,1623
15666,8383497
5345,1017
4485,547
4528,561
21511,8485885
14639,12509237
15889,12473836
3930,913
3653,471
14603,8710505
17144,1232060
5630,1313
15946,16242503
15658,7190442
16392,16620465
15879,20000322
21716,10721132
19512,10322629
15296,8025137
17004,16431869
14060,10663357
4848,1109
15555,19209315
15717,9669346
5061,1100
16044,4213721
18830,7527636
26707,12033892
14394,20261181
4554,1179
7932,3696250
14635,30484478
17045,11617747
22974,52817048
12367,5199051
24873,25467818
15397,6264111
15220,5262807
15305,4996359
15463,1954033
12074,4326514
11147,6433257
12612,1025584
12484,6418916
5757,1055
11568,3159535
15692,7585354
5806,5207
5446,3741
16535,6250507
17572,19369172
5846,960
4538,700
15826,2037871
15597,11782543
5583,984
4683,689
15711,10158188
21025,25724841
9303,1722
27396,17429864
21022,14014815
10794,3574827
14020,5242620
4980,1104
16746,5271637
14334,10644044
16742,5215858
13906,8636492
5142,998
19207,10632546
5729,1137
15848,10950654
15898,5091053
5901,1198
17609,9548871
15698,3183695
5660,1123
15580,10532861
5658,1065
4773,677
19646,3126034
15862,4640011
5480,1058
15470,1363684
15778,1240973
15599,14394248
5730,1118
15703,1354493
18001,20480465
21922,21411629
22215,25441028
26097,55312898
15637,20246061
15838,48014296
5342,1140
5249,5001
39748,2347825
15958,20504668
15623,2121792
15986,19565176
5097,1147
15939,25520121
15626,11640393
5713,1122
15818,2736987
5319,1170
15605,9707843
6036,5211
15706,4642484
15899,7276594
15585,12771958
15773,20188799
15617,1305049
15473,8601372
15628,6259353
15530,18231690
5342,1185
15665,5478856
5420,1162
15567,4132369
15595,1129569
19559,37252441
15542,5243439
15631,23457429
23896,12979532
26051,9568496
23801,68309234
5262,1513
17567,4209780
15811,11711145
15402,9587442
16675,8502147
15717,5012715
5675,1103
15685,1847041
15765,7372600
6010,5155
15838,17983445
15708,1305224
15695,7551553
15758,7393317
15700,13734097
15415,9637125
15630,7554810
19251,38358682
22123,43803107
14795,1329185
15677,21683149
6179,5389
15487,1059108
15805,20339263
15390,9496890
15713,3237210
15572,11775964
15430,4275573
15706,10718972
15758,5346458
15700,6427561
5262,1078
15375,23374698
15632,4213176
15725,13236966
15505,5428445
15718,14982782
15746,11604525
15475,13986094
21814,72965681
5725,1434
15495,9547011
18597,6583762
15819,1904039
9795,20752370
3809,3216
11781,14487300
11816,1026585
11945,6330348
13741,4600753
16134,65494000
5382,1057
15655,1031875
15627,16127759
15678,25780575
6064,5234
15663,7264301
15565,7658220
15743,14730362
15766,1109473
6053,5067
15858,12626705
16462,3714912
6227,6199
15625,3273801
5147,1137
15570,7144126
15567,5192396
15823,6420342
28783,1973280
15495,25703882
15691,152925752
4951,997
4670,476
4553,473
4142,474
4169,579
15655,15897801
15440,10921343
5598,1107
15425,6653331
15425,1948690
15648,10481583
15786,15827380
22366,14988086
25529,106070966
17123,19205920
16319,16137894
16124,3463789
20288,8741189
15627,2189026
18099,7512462
16082,2115987
16149,6359831
15718,2445949
30555,16259428
17629,6314875
23837,47620235
15527,17020771
18026,43488341
21470,30955791
23279,32344751
9205,2231
15703,2065089
15558,10646156
23458,90146040
15763,4231011
15733,3428670
6190,5304
15751,6273283
15537,8079356
15567,6729130
15863,8558459
15645,2579344
15672,3241509
15949,32072891
16144,22433460
15860,5337781
15835,12825849
15580,8594111
5783,5235
16100,10640550
15521,3235067
15956,28294794
15792,22335029
15781,1072649
15908,11937710
6061,5167
24973,59901304
19669,3215616
16315,29548520
23726,13528603
15796,28685079
15830,4272101
24303,13860734
24941,24238156
17286,15669254
6056,1112
26387,10753247
32087,24525031
5020,1219
3989,455
3593,389
3409,481
15806,4126855
31208,102711983
5053,4905
5223,20873
13310,7526677
10637,1292003
14012,16325285
21791,17979705
15996,11903461
24122,43455166
19744,21492939
18900,14950872
15737,10846019
15996,8431007
17394,35611995
16161,5328924
17339,8506283
16714,7697765
23731,5396555
9816,1253045
11585,6052807
14561,7906376
14992,9488610
4863,1115
16973,11707793
5580,1082
15771,4215881
14751,3765938
15617,1137880
15548,22759834
15621,8435797
15457,8528468
16803,8472705
18998,1313428
15668,2365120
19941,16991529
22416,44003969
15746,11828431
15953,22383967
15804,10575515
4954,1182
15572,7437018
15485,5500886
15868,6302642
15710,1356164
15738,4356137
15508,8850518
5423,1100
30892,22661984
9770,2305
8466,1095
7925,860
7657,1043
15500,829251
10173,7841
22027,8259170
14455,6470423
2709,807
7757,4252452
13820,7496583
2325,836
8656,4235162
2116,652
2333,247
15730,7507163
15631,1040767
16819,9988284
3086,1094
18209,26550104
17513,7448847
13483,2601915
12621,1103663
6746,1125
13021,1312227
15681,11557615
8367,4652421
14629,4445266
12194,4151823
18399,18227204
15713,3625848
15535,13698053
15590,7654480
19704,17380360
15492,8485855
15602,7604639
17985,16367007
16216,15977323
22185,7453179
10364,10669688
3198,1000
8350,7404038
15911,6365958
12706,1303313
17256,50250979
15894,4745453
15828,21244234
15510,1133237
15905,18928562
5542,1123
15663,12779539
23671,41738463
5368,6719
4067,615
15618,8438471
5836,1137
15838,21998426
6422,1216
4954,644
4642,662
18867,13273431
9061,1704
15593,4221887
15690,10638451
24796,37682408
16513,11627702
17844,14088751
13451,9636712
4937,4309
14854,4218607
15535,11666317
16366,25193948
5512,1268
15783,4138495
17146,6455702
15798,30974815
16515,4281161
16747,4308600
15785,10751078
21982,13885770
15815,7486745
18417,9665737
15690,5422061
15329,6389824
5447,1153
15523,3166691
15605,7434873
15484,11730514
15703,28805584
15545,9640619
15711,31995935
15445,23676843
15597,7473074
15790,16074877
16425,28845741
15637,8705096
5823,1117
15693,2392373
15830,13809675
5610,1102
20389,30847710
14015,2054964
26556,8510713
12161,10737668
7991,4386669
2865,2566
7963,4147825
13192,8373291
14735,11952977
5020,899
4377,554
4028,589
14628,9052990
4946,1065
15558,12715603
15609,8595605
15633,10496642
15750,15151883
15916,17988961
19776,1648
16326,4577554
5570,1198
15891,4263556
15753,5232366
17113,12244315
15646,50433982
15894,6194968
16034,12836490
15683,10480275
15635,10553182
21048,9749749
14838,1945
9563,1131
20867,3138840
23033,25464983
6141,1401
12458,2957256
12407,10106968
24650,36753121
23933,71196171
5554,1207
4087,476
4170,566
22405,23595053
21942,20623756
17174,5231469
15961,10641348
14034,15054872
4824,964
16507,17402810
5450,1215
15708,14248031
15605,15268833
19369,22824290
3866,730
19209,41769260
5470,1077
4811,539
4234,613
24781,52729906
6014,1267
4695,513
4327,506
4380,616
21912,33872443
5658,1175
4472,609
16976,13407718
5518,1095
15615,7564186
15707,9837672
15586,16781263
15856,17003130
15360,4237625
15615,23766604
6349,5455
22370,41684164
37259,36512152
17610,10812807
16828,47539113
17641,61120680
20761,20180499
5185,1107
3751,519
19521,13873771
4496,1291
23326,60694842
24036,24541122
5915,1431
15691,4088815
23105,14371479
17063,5400956
15991,3440933
25038,19676404
27213,16895365
6316,1644
15303,6104953
18629,7727312
21603,21058226
5274,1301
25013,41673217
5322,1383
21979,77884212
5651,1002
4788,584
4210,641
15861,23404605
15738,8593252
5657,1080
15856,6385714
5721,1157
15686,30987849
15573,14313812
5344,1151
15553,41592785
5447,1140
15605,3157720
19176,15062248
20977,10707780
15891,92663533
15810,10843849
15565,12643303
5011,1023
4991,647
15750,21929203
5828,1143
23715,33655222
5877,1509
15918,22810288
5692,1181
15683,5244348
5189,1123
13410,5984114
15576,3650008
15717,15877786
15820,15850808
14991,6154694
14718,7468700
14616,17911098
5202,931
4094,512
3946,589
14959,6416648
15643,7375342
5122,1112
15533,20667348
5545,1190
26824,14898150
5697,1111
4500,535
7261,736
7570,951
15928,14509904
15653,3228036
15585,8656063
15893,1529046
15890,13173008
15490,6773339
15718,8603131
5472,1126
15720,7259152
5342,1188
15620,9882536
5753,1017
4600,547
4415,549
4212,644
15630,4220757
15938,16042399
15589,11937355
5134,1100
15595,4193727
5770,995
4534,643
15753,12451376
15705,12507871
5292,1057
15616,10586283
5830,1005
4345,596
15830,4278006
5284,1012
4733,670
15628,6816719
5492,1135
15637,7424061
15753,22886650
5137,1019
4557,617
26810,21642400
5820,1100
4676,741
15846,15952867
16620,7291487
5838,1014
4831,501
4132,576
15648,2624861
15672,6544905
5448,982
4713,636
15631,3109607
15851,4711454
15539,8026615
15993,5450936
5470,1158
16066,59383037
5397,1085
4606,526
4553,531
6354,50765
4555,704
4730,516
4320,514
4453,528
4348,505
4197,503
4357,517
5605,3112
7760,947
7344,935
6787,784
7822,1920
7229,862
7036,922
15595,17628338
15996,21450378
15623,24586302
5497,1015
4766,524
4275,542
4097,619
15863,6301480
15703,22366539
15929,18687927
15530,16452761
5106,988
5009,626
15871,9568020
5557,1000
4402,627
15611,9758687
15522,6740957
15693,7545100
15620,5218633
15607,9446627
15364,9525615
15512,7700676
5440,1050
15708,19391999
5623,1072
15713,7400967
15680,10681311
5403,1082
15492,17420184
5334,998
4395,461
4142,458
4182,459
4430,451
4487,611
18702,3060141
8615,1646
15510,4122323
15539,2393145
15660,27650595
5442,1130
15505,8832708
15760,19930982
5294,1038
4432,511
4104,634
15753,2207969
15849,13046565
5134,987
4770,572
4204,619
16199,3312604
22755,31584585
5678,1189
4299,644
15618,23488822
5212,1173
15718,22148091
5112,1050
4264,528
4275,609
15615,24554990
15509,2134088
15539,7508464
15505,17089603
5710,1075
15746,5030084
5666,1080
15495,40344432
5507,1025
4477,667
19933,27743929
4648,1471
15993,6669933
14684,1039379
10914,9583254
5038,870
3978,588
8951,4238921
4440,694
3832,494
17211,5333633
7834,1693
6579,1325
15402,13727903
4871,1039
15853,11601386
15613,11669474
15643,9547829
15643,9429370
15595,1077096
15748,2077715
15690,12745375
5443,1122
15560,1035395
15771,2375239
15696,8809807
5485,1133
15675,8590080
15680,19202059
16006,19430230
9010,1503
15688,8022886
15565,11681058
23402,36304955
15508,13893066
6024,1074
10122,13990050
3292,734
3372,3496
3111,358
14782,10650682
4841,1000
15595,7560041
5284,1096
4845,544
4327,604
5439,5070
15505,9857256
15926,37377237
15635,10742944
5680,1117
19218,12797633
9241,1872
7597,1198
15617,21399957
5397,999
4430,549
4610,584
19537,5349387
10248,1554
8389,1095
17118,1025663
5372,1195
15968,16509906
5487,988
4315,483
4385,476
4249,466
4089,458
4462,564
21170,10710416
15732,8494264
15781,10964190
5410,1132
15853,4247290
20732,15250500
8208,2097
15756,3162699
15890,10661564
5585,1180
15555,1037740
15642,4300129
5535,1074
15758,7840468
15928,38292605
5645,1082
15667,4270257
15760,23184975
5790,1008
6861,1257
16301,21139226
6114,1132
4633,597
4299,494
46597,433
7805,1110
7985,915
6607,1150
7607,869
7226,849
7254,932
7392,949
8932,5094
7219,983
15695,3822679
5342,968
4390,534
4435,524
4129,463
4220,571
15705,7703673
5242,1132
16121,27739157
15590,7534435
21819,23291837
15983,1271143
15926,2357589
15796,16673870
15860,9622826
15593,11708102
15703,5482053
5733,1078
15705,6830916
5632,1126
15560,1793699
15610,2098452
15924,6292798
6006,5217
19504,4443985
9393,9527
15763,7523703
5368,1024
4871,661
20707,11613826
6054,1263
4567,692
16291,11908247
2383,905
2146,238
1950,235
1801,281
39188,8822250
11155,1307
8890,455
9473,2128
8711,697
17929,9668126
18797,16067463
3311,897
12445,11876734
5592,2241887
8373,3462764
15977,47964588
4389,807
3652,419
3320,372
3428,375
3205,377
3098,439
21012,21861921
5408,1485
15991,4395283
15610,2097593
22966,16408488
9609,1749
7762,960
7963,1212
16044,1986269
24456,18066899
5294,1263
4585,466
4525,486
4372,456
65284,421
3195,590
2864,417
19819,13831146
26051,44672739
23849,51294098
5325,1423
18348,20692581
3988,1028
3256,499
15343,4931802
3692,890
8044,2975607
12348,18207142
4124,727
3704,371
3296,375
3104,331
3360,469
14904,12567019
5242,1005
15881,27436835
5610,1007
4430,576
4119,626
15864,29751745
5628,1191
17926,54816844
5483,1112
17197,32134045
5655,965
4302,592
15534,9723157
15567,9508815
15655,13612403
15587,28287997
15618,12530975
16197,44424447
4236,839
3157,462
14420,18544157
4861,930
3915,493
3980,421
3887,471
3686,544
15906,15798900
15862,58722123
15525,15997936
5545,1110
15733,14654786
16637,29839273
5367,1047
19542,35236625
5141,1181
4806,534
4190,453
4212,596
15741,31651367
5394,993
4295,493
4164,479
4523,523
4217,599
17362,42176255
5410,1004
4485,558
4194,431
4074,424
4042,431
4144,566
16073,30309326
5345,1103
4242,556
4495,589
15836,12753360
16139,14163457
5728,1075
15728,13780214
15996,10905219
15951,47860510
5377,1154
23119,10543626
5597,1529
18025,6334324
5420,1102
16101,8488443
5257,1093
15475,1304570
16011,4489224
19303,2567363
16028,30012756
16547,33069216
15853,14018836
19309,4241637
15635,7433174
15686,4635042
16902,13001928
17578,4049261
19719,15371517
19487,8549039
20180,39422581
12089,20280365
16638,16687641
14694,3276890
16619,45050367
24515,59505037
15555,985347
26196,8604683
14887,8380710
16123,7390262
15723,12946688
5395,1050
15711,7580848
15635,15071720
19389,8832367
15976,7453429
21343,6205547
8958,1611
20058,42714951
5367,1136
4543,621
15921,13078189
15836,5724416
19106,9374627
6071,1353
15866,5181707
18254,35916287
5217,1275
17813,16925972
5736,1257
15770,11719190
15971,6456288
15812,5375454
15740,4270266
15906,16039776
15914,7433590
15863,10781845
15928,9622152
15768,17423216
14630,983
4865,735
4332,667
17559,10593516
15592,19184815
5535,1040
4603,627
15696,8761172
15916,909632
16788,11566322
15457,11896403
15609,35296646
36009,13940113
15936,9565585
15976,7477684
15657,1165739
15593,8948508
15755,902579
15611,9631758
19607,4725082
15601,9721836
15863,5235915
15761,9436166
20163,25675938
17860,17197403
16782,9575292
14848,18154862
5361,1035
13909,10622159
15893,10004555
74861,3938190
10734,11243
9038,8010
15678,8790812
15859,2114645
5159,1145
15853,17206691
15625,7554452
5813,5394
15946,8511375
16236,7444376
15756,3221589
15625,2148364
15898,4236629
15949,2115172
15672,8687526
5146,1010
4818,685
15750,3039021
15633,1089008
15873,29942292
15716,3163262
15663,9628661
5988,5177
15603,25561995
15844,21352144
15567,1067200
15966,7962901
15763,3136693
21631,44751481
15895,6808993
21410,22411453
15961,4229763
15750,7448709
15865,10668381
9240,1611
15637,2935809
23180,2605164
16307,14723110
5428,964
4628,546
4197,532
4438,668
16673,8854892
15918,3145123
15804,2119875
15500,9683272
35568,6562181
5813,1310
15748,27729139
15851,47099894
15838,2622438
15703,17079651
5319,993
4458,651
15692,15248132
5435,1146
19059,41902777
5462,1353
4976,481
4274,459
4343,558
26701,47449204
4688,1119
3165,364
7675,338
3342,550
7036,325
3153,587
30521,58893538
14876,12414059
15705,11959713
5116,1082
15846,14544854
15721,21667729
15743,54943550
15730,5346323
15688,6376544
16191,26054972
15993,6240047
18438,121452226
12875,9587695
4633,876
3837,539
15149,6210537
14937,3229517
27030,4110391
14813,11607340
14833,5215572
15700,14920617
15801,5680092
16878,19583088
15805,9612295
15755,4198159
15785,8572876
17299,44630709
15891,19202434
15583,14175899
9090,1747
15983,9219905
15873,5209134
23000,59956739
15535,27001355
15943,12983388
15854,5732824
15715,8045519
15756,1093794
15773,18059028
19133,16683506
15718,2348142
5730,1118
15746,22133212
5682,1068
5207,604
4259,517
4262,528
4315,498
4290,568
16818,5317305
15976,2392677
15838,5028598
16008,7626602
15973,12178204
15808,13596936
15801,17116205
15646,10897461
5056,1110
16021,2549186
15853,18425577
15966,48960750
15735,3260193
15738,9973783
15746,17234443
6314,5194
19416,27043349
15801,4646137
15738,14850835
4992,1100
15806,5159898
15859,7775510
15633,3145165
15806,1095390
5881,1082
15678,9668661
5425,1037
15598,17589110
5495,1112
19641,4134324
19894,15040049
8710,2062
15607,13757463
5580,950
4916,672
15565,8546148
16093,60821688
15798,14302717
15966,60465581
5838,1128
16066,6772983
15625,3357964
20008,6119617
15663,5471004
15785,35112499
15663,2610784
15840,12490011
15740,37224881
15532,1228449
15679,2602335
15936,6032026
15858,8639521
9604,5630
15908,2203210
15582,6176271
23819,6564599
15760,11660677
16084,53341823
15681,5222927
15848,5252078
16031,9579999
15703,22419787
15728,5307591
16129,12777963
17423,79594227
18260,11797859
15884,8267436
7717,1175726
14723,13064717
16024,10506428
15803,19244121
15919,2184746
15803,10710190
5480,1107
15658,1035021
22472,11831771
12973,2716
16184,1062822
8487,1406
8407,8920
9540,2329263
4610,4159
19924,25464151
17739,26458081
3117,3127
15011,34758385
12473,5462788
2442,768
19712,23908472
11302,2545095
10955,2415966
3840,744
10941,3159066
12175,3505501
4278,801
3477,569
10448,2146266
11692,3108957
20509,14799101
5147,1205
4187,700
4811,5007
11987,4339253
4520,977
4971,660
10933,5192546
23303,10647022
11008,1035813
15190,7497521
15311,3439355
18357,1066795
17690,10968707
25726,1031187
19864,8583696
24958,11905079
10169,2108
23209,7134485
5959,1273
10849,1019754
20665,10740429
14350,3134445
11841,1051098
20541,10778652
10562,1187456
12528,5303703
21123,9060753
16638,662137
15978,7704918
27196,9531776
31573,31778903
24448,8262128
21266,16320926
25680,8375735
11900,10456
16968,11574208
22799,26793315
24267,22458893
15851,13755418
16146,4010470
17013,4610216
15544,54883911
15783,25593010
15603,999591
15763,10518086
15527,20435246
15693,4695551
5755,1131
15800,8228015
15726,7805928
15843,2296621
15902,1980292
15992,4124448
19523,1280362
15808,4250063
15808,18928559
16164,64471184
20251,5289174
15693,13955974
5505,1085
15713,16839805
15824,909017
15910,7552187
16116,12747555
15765,2133787
15692,21231884
5457,1055
15866,19301365
16454,77486207
5561,1167
15794,22442979
15495,2020384
15723,4289440
15914,6419533
5497,1108
16673,5099785
15578,11683936
15994,47027530
15610,6743166
15781,6247766
15683,4706270
16595,17048224
15923,19432901
15851,12853298
5855,1105
15788,1982912
15708,9385256
15650,9385730
15814,7267079
15840,25430232
18130,66258812
3810,986
2871,418
10051,1128310
15264,11800687
2363,791
15459,13329782
15241,7374582
15347,16016280
10383,4193149
12497,19466280
11981,11050596
16330,5781847
88920,66259239
16648,2155600
15610,15568816
15803,3631750
15863,17153579
12742,23864699
4262,860
15677,19417195
5204,1115
15776,4298392
15768,50642507
15575,11763027
15919,7483346
15911,16402652
15763,4694904
15873,2557264
19534,35948112
17773,32424449
16054,17258553
5349,1090
23470,12958307
16179,2387067
15828,1327399
15566,9581618
16382,5248824
16181,8509804
15846,2400020
15612,11403048
15753,1055502
15841,10785665
15737,29953761
15560,10703052
16019,18696281
16314,40250918
15853,11421629
5974,5151
15780,18263987
15649,4101586
16376,77091318
15695,8375266
5718,1120
15781,14324764
15668,15266976
15900,77974198
19720,12707324
15718,7667992
16790,9811255
15685,8633352
5568,1094
5575,5117
16108,14786232
5179,990
4991,559
4659,649
15815,11059680
16206,14406470
15625,4267603
15655,52846196
15448,30078315
16775,50186157
15678,7592720
15528,22675252
15905,7384464
15760,41695871
8962,1754
16129,13873779
15698,15670668
15763,8132240
15770,38831449
15853,7781510
15545,2124232
15733,6532161
16170,17977911
15633,10572080
15715,23315380
14283,22749000
15731,28458746
16126,22268842
16657,5348729
15786,4235719
15881,17099662
15966,3641101
15617,17393519
15698,21200068
15986,6952457
15826,16079510
6424,5139
15603,11034738
15951,11603621
15891,19284577
5653,1132
15890,962551
16074,12233065
54889,1102
15733,2482223
15761,7421901
15893,24616725
15530,14955716
15911,10697592
15718,9632681
5538,1123
15711,26849361
15961,59085330
18125,24728182
5077,1075
14776,19095021
5521,1040
15447,3408790
16221,26665004
15964,24623932
15916,11750842
15943,8543891
15808,5358197
16048,3231136
15755,5366689
15885,3411001
15826,13184358
5472,1078
16555,21415901
15637,6418273
5259,1080
15721,16028911
5067,1065
16107,1349602
15813,829371
16014,26685450
16783,3264584
15741,20785735
5588,1147
15918,39549594
15883,6610532
15741,5364636
5282,1155
15823,7476963
15782,1084060
15920,6850808
15710,34051775
15626,16160860
61854,1673
16289,4373271
15677,7266128
15657,6415807
16197,36362644
15979,19631414
15764,1114177
16928,3430970
15716,39656588
15841,6393367
15763,4244864
15593,19204597
5766,1117
15781,12810661
15893,39477509
15703,36242965
15851,12843142
15854,4617295
15081,2664808
5832,4848
15853,56545290
15745,5294404
15711,13931677
16089,33107990
15973,5433166
15811,7424267
15908,11602510
16329,48023018
15527,6981854
15550,10549607
15725,13945586
5749,1132
15836,13924746
15878,14880426
16201,60055788
5289,1128
15740,10482671
15708,7682291
5324,1186
15620,28427177
13357,1443
9689,1336
11012,2936516
74548,17033296
15873,23345909
16650,30759413
15816,12773207
16189,17125048
15730,7378083
15758,8775557
5067,1137
15603,9669989
15640,13562251
15662,34012185
5510,1180
10343,2521021
15658,9404846
15801,13195688
11416,3376269
10456,7493879
15896,15916560
15833,6942272
15650,9955106
5322,1155
15659,7568928
6146,5322
15905,10125257
15913,9566334
11596,6427985
15601,5399787
11466,12457256
16026,23985256
15993,5327939
17286,40611322
15845,8738887
5453,1105
15991,1988069
16089,17254293
5395,1090
18762,6342948
8469,1892
8985,9126
15628,4192459
15884,28861061
5643,1135
16863,3218275
6309,5154
15558,12883793
15710,7489122
5502,960
5069,687
16026,4410014
15785,8809889
9231,1611
15846,2327836
28259,40653607
18579,19367852
16054,8572240
15660,13893549
16094,62032209
15686,11442049
15848,26356828
16407,5304990
15716,5364250
15893,6763535
15738,6267874
16294,5344893
15881,6388723
15916,3682048
16061,1096370
15703,7265794
16066,18033559
15743,25391199
15680,28869087
15778,13847916
15645,3198915
16587,8805529
15568,20226604
16001,11117602
15916,26768129
15775,39239384
15925,29853969
15758,6260031
5122,1150
15565,10715329
15688,6405481
15553,10674685
15865,19285455
15968,4512204
15701,10662407
15872,6305074
15808,3159402
15628,1314550
15783,27921179
16494,8615489
15956,21273891
88274,7495353
15670,3125721
16708,20372506
15768,24604330
15949,7665514
15921,8348867
15678,1255525
15678,6472335
15785,12166989
5388,1155
15883,1084072
15938,4447716
6054,5139
15597,3186786
6204,6382
4993,654
15972,2558870
16685,4461921
6713,5881
15768,10383199
15926,8736526
15916,65851982
15601,14939211
15703,13875122
15655,6780270
5139,1173
16034,2588294
15846,5317062
15651,7588688
5650,1097
15681,9134374
17537,179766506
15823,6575076
17069,11780877
15821,10494520
16354,104262174
6109,5184
5550,3691
5117,3460
5107,3365
5028,3453
4908,3398
4941,3513
16732,32000321
16111,834719
20346,132622075
18098,22201966
6948,1463
15751,7351475
15597,9668534
15477,3422065
17847,3385088
15417,13045448
15973,1110514
6206,5272
15692,3108468
15886,4624153
5747,1058
15853,932316
15573,2089654
15883,8854377
15657,5319275
15878,4224544
15900,4165604
15781,10589190
15543,7860508
15961,41565929
15792,43782398
15871,12845059
15673,7665211
15861,30892669
15983,5352264
15725,19484998
15788,7095709
16169,60065655
15653,13918565
15878,36016746
5432,1140
15755,7559531
15855,14075365
15623,12127263
5189,1100
15677,1671429
5675,1060
16006,3147589
16084,6422632
15889,26561396
5662,1025
4669,653
15884,4202684
16006,48549182
22859,18131874
15773,7470513
15903,24628214
15778,11375505
15781,18182079
15640,4312461
16647,39327561
25733,27801236
14392,4218622
8855,5029088
14187,10885943
13799,1050309
15888,22417296
5776,1152
16475,12170769
16006,2140544
15783,3157703
5527,1068
16034,7272399
15646,8604835
16843,8627261
15688,31950290
5212,1030
4703,572
4467,534
4152,636
15525,7721966
15730,19191758
15730,10641148
15971,7302718
15923,24840911
16234,22661451
20018,37510474
9329,1611
17168,13810186
15563,13962012
15746,8446765
15838,5385995
15595,1083280
16112,26159196
15793,7353878
15648,22285853
16022,43394742
15778,2393278
15793,5768819
15791,7949317
15668,8402195
16833,3175879
15950,35498482
15971,9767672
15592,971015
15658,4000544
9373,1586
15818,1034663
15748,4258302
90103,11726638
15683,11358238
15813,7535246
15761,29610778
15738,8842985
15670,11834376
15815,5103890
16064,2327301
15527,5150530
15728,5678312
15809,6023183
16357,1075477
15582,5285012
5833,1045
16026,2147019
6217,5116
15735,2053855
16036,4268004
16009,2133069
5915,6315
15779,1009434
15665,4403727
15830,912616
15986,2262260
15695,908828
15981,1159878
16002,7335218
15710,8195008
16216,47898988
15676,13921172
15856,139611054
8800,1614
15701,2183393
9995,1584
5267,692
5680,865
15869,6446644
15830,2974326
15951,5698318
6182,5104
15725,5712259
15908,430934
16983,13132792
5555,972
4397,621
15768,1044300
5645,1092
13713,5254080
16362,2047951
15743,12254593
5871,998
4687,571
4383,431
4192,531
15452,1927956
10750,2104142
3938,872
15685,6254851
15756,7748460
15655,3664517
15810,2773359
15603,4408785
15771,15104020
5980,5049
15582,18000423
17592,23415154
16038,13871442
21827,55527928
18443,17440958
20496,25194295
11177,12470433
43118,34151199
11231,6165537
23783,36339788
17509,36250522
20267,22276519
7530,4562817
21947,39494871
11910,5277573
3977,903
23377,57557988
5764,1179
4368,495
4226,464
4028,426
4092,410
4366,481
4026,436
7115,563
6731,1049
6582,873
16760,14666182
15653,4281830
15698,2181803
15809,9617531
15773,11729011
15833,4623679
15761,15742446
20145,4233163
15856,6129723
5316,1066
15834,6407859
20108,15025882
20321,32005882
16046,4284137
21609,22470507
5737,1359
24665,72720726
22254,25840977
15005,21004277
11414,10664898
19091,44376260
16405,13776418
15638,3296353
15723,3280489
15816,7293427
15933,12739126
15893,8233437
15776,9679910
16702,5502728
16018,13952484
16092,29985862
18481,2134546
15700,11763700
58375,31175289
24160,40380062
15776,10567844
23294,16077917
19554,27146784
15300,10499867
4650,1156
26823,9712743
16399,6086561
17087,9558725
17484,7229160
17294,11764586
17585,17081226
18836,6458693
17833,17115629
15804,4332651
15805,53420836
23045,58824280
17634,47987988
11277,8540581
11926,16231002
11746,2112459
15009,80131522
4870,1065
2715,368
12282,13824577
10866,8791160
16498,9688294
18300,1373
38062,16216067
22603,67245582
15684,26001479
4789,1030
13288,3302402
13779,5089150
5394,1157
15753,3253102
12415,5965444
6049,1035
5498,727
6697,681
10905,21843218
4067,735
10770,33909868
12650,15998554
11048,4377106
15716,20052279
15783,5317979
15941,18086005
15706,37309964
15678,3635558
